<beans xmlns="http://www.springframework.org/schema/beans"
       xmlns:xsi="http://www.w3.org/2001/XMLSchema-instance"
       xmlns:context="http://www.springframework.org/schema/context"
       xmlns:aop="http://www.springframework.org/schema/aop"
       xmlns:p="http://www.springframework.org/schema/p"
       xmlns:mvc="http://www.springframework.org/schema/mvc"
       xsi:schemaLocation="http://www.springframework.org/schema/beans
	  http://www.springframework.org/schema/beans/spring-beans.xsd
	   http://www.springframework.org/schema/aop
	   http://www.springframework.org/schema/aop/spring-aop.xsd
       http://www.springframework.org/schema/context
       http://www.springframework.org/schema/context/spring-context-3.2.xsd
        http://www.springframework.org/schema/mvc
        http://www.springframework.org/schema/mvc/spring-mvc-4.0.xsd">
  <!-- <bean name="/hello" class="com.jbit.controller.HelloController"></bean> -->
<!--注解-->
   <!--扫描包 先将类加入到我们的容器当中-->
   <context:component-scan base-package="com.jbit.controller"></context:component-scan>
   <!--mvc的注解-->
   <mvc:annotation-driven></mvc:annotation-driven>


   <bean class="org.springframework.web.servlet.view.InternalResourceViewResolver">
      <property name="prefix" value="/"></property>
      <property name="suffix" value=".jsp"></property>
   </bean>
</beans>